,precision,recall,f1-score,support,accuracy
0,0.9411764705882353,1.0,0.9696969696969697,48.0,0.9411764705882353
1,0.0,0.0,0.0,3.0,0.9411764705882353
accuracy,0.9411764705882353,0.9411764705882353,0.9411764705882353,0.9411764705882353,0.9411764705882353
macro avg,0.47058823529411764,0.5,0.48484848484848486,51.0,0.9411764705882353
weighted avg,0.8858131487889273,0.9411764705882353,0.912655971479501,51.0,0.9411764705882353
